ID,Title,Status,CreatedAt,UpdatedAt,DeletedAt
1,Todo list 1,Draft,2024-08-26 19:22:08.901245700 UTC,2024-08-26 19:22:08.901275500 UTC,2024-08-26 19:22:08.901275500 UTC
2,Todo list 2,Draft,2024-08-26 19:22:08.901299 UTC,2024-08-26 19:22:08.901299200 UTC,2024-08-26 19:22:08.901299200 UTC
3,Todo list 3,Completed,2024-08-26 19:22:08.901299400 UTC,2024-08-26 19:22:08.901299600 UTC,
4,Todo list 4,Completed,2024-08-26 19:22:08.901299800 UTC,2024-08-26 19:22:08.901299900 UTC,
5,Todo list 5,Draft,2024-08-26 19:22:08.901304300 UTC,2024-08-26 19:22:08.901304400 UTC,
6,Todo list 6,Draft,2024-08-26 19:22:08.901305900 UTC,2024-08-26 19:22:08.901306100 UTC,
7,Todo list 7,Draft,2024-08-26 19:22:08.901306300 UTC,2024-08-26 19:22:08.901306400 UTC,
8,Todo list 8,Draft,2024-08-26 19:22:08.901306600 UTC,2024-08-26 19:22:08.901306700 UTC,
9,Todo list 9,Draft,2024-08-26 19:22:08.901306900 UTC,2024-08-26 19:22:08.901307 UTC,
10,Test todo here.,Draft,2024-08-26 19:22:16.457619400 UTC,2024-08-26 19:22:16.457621100 UTC,
11,Test todo I,Draft,2024-08-26 19:22:22.711200800 UTC,2024-08-26 19:22:22.711203 UTC,
12,Insertion here..,Draft,2024-08-26 19:24:21.623727100 UTC,2024-08-26 19:24:21.623729100 UTC,
13,Test todo insertion spacing.,Draft,2024-08-26 19:27:48.552728900 UTC,2024-08-26 19:27:48.552730900 UTC,
